state,year,quater,name,count,amount
andaman-&-nicobar-islands,2020,4,u,1,l
andaman-&-nicobar-islands,2020,4,a,1,t
andaman-&-nicobar-islands,2020,2,u,1,l
andaman-&-nicobar-islands,2020,2,a,1,t
andaman-&-nicobar-islands,2020,3,u,1,l
andaman-&-nicobar-islands,2020,3,a,1,t
andaman-&-nicobar-islands,2021,4,u,1,l
andaman-&-nicobar-islands,2021,4,a,1,t
andaman-&-nicobar-islands,2021,2,u,1,l
andaman-&-nicobar-islands,2021,2,a,1,t
andaman-&-nicobar-islands,2021,1,u,1,l
andaman-&-nicobar-islands,2021,1,a,1,t
andaman-&-nicobar-islands,2021,3,u,1,l
andaman-&-nicobar-islands,2021,3,a,1,t
andaman-&-nicobar-islands,2024,4,u,1,l
andaman-&-nicobar-islands,2024,4,a,1,t
andaman-&-nicobar-islands,2024,2,u,1,l
andaman-&-nicobar-islands,2024,2,a,1,t
andaman-&-nicobar-islands,2024,1,u,1,l
andaman-&-nicobar-islands,2024,1,a,1,t
andaman-&-nicobar-islands,2024,3,u,1,l
andaman-&-nicobar-islands,2024,3,a,1,t
andaman-&-nicobar-islands,2022,4,u,1,l
andaman-&-nicobar-islands,2022,4,a,1,t
andaman-&-nicobar-islands,2022,2,u,1,l
andaman-&-nicobar-islands,2022,2,a,1,t
andaman-&-nicobar-islands,2022,1,u,1,l
andaman-&-nicobar-islands,2022,1,a,1,t
andaman-&-nicobar-islands,2022,3,u,1,l
andaman-&-nicobar-islands,2022,3,a,1,t
andaman-&-nicobar-islands,2023,4,u,1,l
andaman-&-nicobar-islands,2023,4,a,1,t
andaman-&-nicobar-islands,2023,2,u,1,l
andaman-&-nicobar-islands,2023,2,a,1,t
andaman-&-nicobar-islands,2023,1,u,1,l
andaman-&-nicobar-islands,2023,1,a,1,t
andaman-&-nicobar-islands,2023,3,u,1,l
andaman-&-nicobar-islands,2023,3,a,1,t
madhya-pradesh,2020,4,u,1,l
madhya-pradesh,2020,4,a,1,t
madhya-pradesh,2020,2,u,1,l
madhya-pradesh,2020,2,a,1,t
madhya-pradesh,2020,3,u,1,l
madhya-pradesh,2020,3,a,1,t
madhya-pradesh,2021,4,u,1,l
madhya-pradesh,2021,4,a,1,t
madhya-pradesh,2021,2,u,1,l
madhya-pradesh,2021,2,a,1,t
madhya-pradesh,2021,1,u,1,l
madhya-pradesh,2021,1,a,1,t
madhya-pradesh,2021,3,u,1,l
madhya-pradesh,2021,3,a,1,t
madhya-pradesh,2024,4,u,1,l
madhya-pradesh,2024,4,a,1,t
madhya-pradesh,2024,2,u,1,l
madhya-pradesh,2024,2,a,1,t
madhya-pradesh,2024,1,u,1,l
madhya-pradesh,2024,1,a,1,t
madhya-pradesh,2024,3,u,1,l
madhya-pradesh,2024,3,a,1,t
madhya-pradesh,2022,4,u,1,l
madhya-pradesh,2022,4,a,1,t
madhya-pradesh,2022,2,u,1,l
madhya-pradesh,2022,2,a,1,t
madhya-pradesh,2022,1,u,1,l
madhya-pradesh,2022,1,a,1,t
madhya-pradesh,2022,3,u,1,l
madhya-pradesh,2022,3,a,1,t
madhya-pradesh,2023,4,u,1,l
madhya-pradesh,2023,4,a,1,t
madhya-pradesh,2023,2,u,1,l
madhya-pradesh,2023,2,a,1,t
madhya-pradesh,2023,1,u,1,l
madhya-pradesh,2023,1,a,1,t
madhya-pradesh,2023,3,u,1,l
madhya-pradesh,2023,3,a,1,t
sikkim,2020,4,u,1,l
sikkim,2020,4,a,1,t
sikkim,2020,2,u,1,l
sikkim,2020,2,a,1,t
sikkim,2020,3,u,1,l
sikkim,2020,3,a,1,t
sikkim,2021,4,u,1,l
sikkim,2021,4,a,1,t
sikkim,2021,2,u,1,l
sikkim,2021,2,a,1,t
sikkim,2021,1,u,1,l
sikkim,2021,1,a,1,t
sikkim,2021,3,u,1,l
sikkim,2021,3,a,1,t
sikkim,2024,4,u,1,l
sikkim,2024,4,a,1,t
sikkim,2024,2,u,1,l
sikkim,2024,2,a,1,t
sikkim,2024,1,u,1,l
sikkim,2024,1,a,1,t
sikkim,2024,3,u,1,l
sikkim,2024,3,a,1,t
sikkim,2022,4,u,1,l
sikkim,2022,4,a,1,t
sikkim,2022,2,u,1,l
sikkim,2022,2,a,1,t
sikkim,2022,1,u,1,l
sikkim,2022,1,a,1,t
sikkim,2022,3,u,1,l
sikkim,2022,3,a,1,t
sikkim,2023,4,u,1,l
sikkim,2023,4,a,1,t
sikkim,2023,2,u,1,l
sikkim,2023,2,a,1,t
sikkim,2023,1,u,1,l
sikkim,2023,1,a,1,t
sikkim,2023,3,u,1,l
sikkim,2023,3,a,1,t
maharashtra,2020,4,u,1,l
maharashtra,2020,4,a,1,t
maharashtra,2020,2,u,1,l
maharashtra,2020,2,a,1,t
maharashtra,2020,3,u,1,l
maharashtra,2020,3,a,1,t
maharashtra,2021,4,u,1,l
maharashtra,2021,4,a,1,t
maharashtra,2021,2,u,1,l
maharashtra,2021,2,a,1,t
maharashtra,2021,1,u,1,l
maharashtra,2021,1,a,1,t
maharashtra,2021,3,u,1,l
maharashtra,2021,3,a,1,t
maharashtra,2024,4,u,1,l
maharashtra,2024,4,a,1,t
maharashtra,2024,2,u,1,l
maharashtra,2024,2,a,1,t
maharashtra,2024,1,u,1,l
maharashtra,2024,1,a,1,t
maharashtra,2024,3,u,1,l
maharashtra,2024,3,a,1,t
maharashtra,2022,4,u,1,l
maharashtra,2022,4,a,1,t
maharashtra,2022,2,u,1,l
maharashtra,2022,2,a,1,t
maharashtra,2022,1,u,1,l
maharashtra,2022,1,a,1,t
maharashtra,2022,3,u,1,l
maharashtra,2022,3,a,1,t
maharashtra,2023,4,u,1,l
maharashtra,2023,4,a,1,t
maharashtra,2023,2,u,1,l
maharashtra,2023,2,a,1,t
maharashtra,2023,1,u,1,l
maharashtra,2023,1,a,1,t
maharashtra,2023,3,u,1,l
maharashtra,2023,3,a,1,t
tamil-nadu,2020,4,u,1,l
tamil-nadu,2020,4,a,1,t
tamil-nadu,2020,2,u,1,l
tamil-nadu,2020,2,a,1,t
tamil-nadu,2020,3,u,1,l
tamil-nadu,2020,3,a,1,t
tamil-nadu,2021,4,u,1,l
tamil-nadu,2021,4,a,1,t
tamil-nadu,2021,2,u,1,l
tamil-nadu,2021,2,a,1,t
tamil-nadu,2021,1,u,1,l
tamil-nadu,2021,1,a,1,t
tamil-nadu,2021,3,u,1,l
tamil-nadu,2021,3,a,1,t
tamil-nadu,2024,4,u,1,l
tamil-nadu,2024,4,a,1,t
tamil-nadu,2024,2,u,1,l
tamil-nadu,2024,2,a,1,t
tamil-nadu,2024,1,u,1,l
tamil-nadu,2024,1,a,1,t
tamil-nadu,2024,3,u,1,l
tamil-nadu,2024,3,a,1,t
tamil-nadu,2022,4,u,1,l
tamil-nadu,2022,4,a,1,t
tamil-nadu,2022,2,u,1,l
tamil-nadu,2022,2,a,1,t
tamil-nadu,2022,1,u,1,l
tamil-nadu,2022,1,a,1,t
tamil-nadu,2022,3,u,1,l
tamil-nadu,2022,3,a,1,t
tamil-nadu,2023,4,u,1,l
tamil-nadu,2023,4,a,1,t
tamil-nadu,2023,2,u,1,l
tamil-nadu,2023,2,a,1,t
tamil-nadu,2023,1,u,1,l
tamil-nadu,2023,1,a,1,t
tamil-nadu,2023,3,u,1,l
tamil-nadu,2023,3,a,1,t
odisha,2020,4,u,1,l
odisha,2020,4,a,1,t
odisha,2020,2,u,1,l
odisha,2020,2,a,1,t
odisha,2020,3,u,1,l
odisha,2020,3,a,1,t
odisha,2021,4,u,1,l
odisha,2021,4,a,1,t
odisha,2021,2,u,1,l
odisha,2021,2,a,1,t
odisha,2021,1,u,1,l
odisha,2021,1,a,1,t
odisha,2021,3,u,1,l
odisha,2021,3,a,1,t
odisha,2024,4,u,1,l
odisha,2024,4,a,1,t
odisha,2024,2,u,1,l
odisha,2024,2,a,1,t
odisha,2024,1,u,1,l
odisha,2024,1,a,1,t
odisha,2024,3,u,1,l
odisha,2024,3,a,1,t
odisha,2022,4,u,1,l
odisha,2022,4,a,1,t
odisha,2022,2,u,1,l
odisha,2022,2,a,1,t
odisha,2022,1,u,1,l
odisha,2022,1,a,1,t
odisha,2022,3,u,1,l
odisha,2022,3,a,1,t
odisha,2023,4,u,1,l
odisha,2023,4,a,1,t
odisha,2023,2,u,1,l
odisha,2023,2,a,1,t
odisha,2023,1,u,1,l
odisha,2023,1,a,1,t
odisha,2023,3,u,1,l
odisha,2023,3,a,1,t
uttar-pradesh,2020,4,u,1,l
uttar-pradesh,2020,4,a,1,t
uttar-pradesh,2020,2,u,1,l
uttar-pradesh,2020,2,a,1,t
uttar-pradesh,2020,3,u,1,l
uttar-pradesh,2020,3,a,1,t
uttar-pradesh,2021,4,u,1,l
uttar-pradesh,2021,4,a,1,t
uttar-pradesh,2021,2,u,1,l
uttar-pradesh,2021,2,a,1,t
uttar-pradesh,2021,1,u,1,l
uttar-pradesh,2021,1,a,1,t
uttar-pradesh,2021,3,u,1,l
uttar-pradesh,2021,3,a,1,t
uttar-pradesh,2024,4,u,1,l
uttar-pradesh,2024,4,a,1,t
uttar-pradesh,2024,2,u,1,l
uttar-pradesh,2024,2,a,1,t
uttar-pradesh,2024,1,u,1,l
uttar-pradesh,2024,1,a,1,t
uttar-pradesh,2024,3,u,1,l
uttar-pradesh,2024,3,a,1,t
uttar-pradesh,2022,4,u,1,l
uttar-pradesh,2022,4,a,1,t
uttar-pradesh,2022,2,u,1,l
uttar-pradesh,2022,2,a,1,t
uttar-pradesh,2022,1,u,1,l
uttar-pradesh,2022,1,a,1,t
uttar-pradesh,2022,3,u,1,l
uttar-pradesh,2022,3,a,1,t
uttar-pradesh,2023,4,u,1,l
uttar-pradesh,2023,4,a,1,t
uttar-pradesh,2023,2,u,1,l
uttar-pradesh,2023,2,a,1,t
uttar-pradesh,2023,1,u,1,l
uttar-pradesh,2023,1,a,1,t
uttar-pradesh,2023,3,u,1,l
uttar-pradesh,2023,3,a,1,t
chhattisgarh,2020,4,u,1,l
chhattisgarh,2020,4,a,1,t
chhattisgarh,2020,2,u,1,l
chhattisgarh,2020,2,a,1,t
chhattisgarh,2020,3,u,1,l
chhattisgarh,2020,3,a,1,t
chhattisgarh,2021,4,u,1,l
chhattisgarh,2021,4,a,1,t
chhattisgarh,2021,2,u,1,l
chhattisgarh,2021,2,a,1,t
chhattisgarh,2021,1,u,1,l
chhattisgarh,2021,1,a,1,t
chhattisgarh,2021,3,u,1,l
chhattisgarh,2021,3,a,1,t
chhattisgarh,2024,4,u,1,l
chhattisgarh,2024,4,a,1,t
chhattisgarh,2024,2,u,1,l
chhattisgarh,2024,2,a,1,t
chhattisgarh,2024,1,u,1,l
chhattisgarh,2024,1,a,1,t
chhattisgarh,2024,3,u,1,l
chhattisgarh,2024,3,a,1,t
chhattisgarh,2022,4,u,1,l
chhattisgarh,2022,4,a,1,t
chhattisgarh,2022,2,u,1,l
chhattisgarh,2022,2,a,1,t
chhattisgarh,2022,1,u,1,l
chhattisgarh,2022,1,a,1,t
chhattisgarh,2022,3,u,1,l
chhattisgarh,2022,3,a,1,t
chhattisgarh,2023,4,u,1,l
chhattisgarh,2023,4,a,1,t
chhattisgarh,2023,2,u,1,l
chhattisgarh,2023,2,a,1,t
chhattisgarh,2023,1,u,1,l
chhattisgarh,2023,1,a,1,t
chhattisgarh,2023,3,u,1,l
chhattisgarh,2023,3,a,1,t
uttarakhand,2020,4,u,1,l
uttarakhand,2020,4,a,1,t
uttarakhand,2020,2,u,1,l
uttarakhand,2020,2,a,1,t
uttarakhand,2020,3,u,1,l
uttarakhand,2020,3,a,1,t
uttarakhand,2021,4,u,1,l
uttarakhand,2021,4,a,1,t
uttarakhand,2021,2,u,1,l
uttarakhand,2021,2,a,1,t
uttarakhand,2021,1,u,1,l
uttarakhand,2021,1,a,1,t
uttarakhand,2021,3,u,1,l
uttarakhand,2021,3,a,1,t
uttarakhand,2024,4,u,1,l
uttarakhand,2024,4,a,1,t
uttarakhand,2024,2,u,1,l
uttarakhand,2024,2,a,1,t
uttarakhand,2024,1,u,1,l
uttarakhand,2024,1,a,1,t
uttarakhand,2024,3,u,1,l
uttarakhand,2024,3,a,1,t
uttarakhand,2022,4,u,1,l
uttarakhand,2022,4,a,1,t
uttarakhand,2022,2,u,1,l
uttarakhand,2022,2,a,1,t
uttarakhand,2022,1,u,1,l
uttarakhand,2022,1,a,1,t
uttarakhand,2022,3,u,1,l
uttarakhand,2022,3,a,1,t
uttarakhand,2023,4,u,1,l
uttarakhand,2023,4,a,1,t
uttarakhand,2023,2,u,1,l
uttarakhand,2023,2,a,1,t
uttarakhand,2023,1,u,1,l
uttarakhand,2023,1,a,1,t
uttarakhand,2023,3,u,1,l
uttarakhand,2023,3,a,1,t
puducherry,2020,4,u,1,l
puducherry,2020,4,a,1,t
puducherry,2020,2,u,1,l
puducherry,2020,2,a,1,t
puducherry,2020,3,u,1,l
puducherry,2020,3,a,1,t
puducherry,2021,4,u,1,l
puducherry,2021,4,a,1,t
puducherry,2021,2,u,1,l
puducherry,2021,2,a,1,t
puducherry,2021,1,u,1,l
puducherry,2021,1,a,1,t
puducherry,2021,3,u,1,l
puducherry,2021,3,a,1,t
puducherry,2024,4,u,1,l
puducherry,2024,4,a,1,t
puducherry,2024,2,u,1,l
puducherry,2024,2,a,1,t
puducherry,2024,1,u,1,l
puducherry,2024,1,a,1,t
puducherry,2024,3,u,1,l
puducherry,2024,3,a,1,t
puducherry,2022,4,u,1,l
puducherry,2022,4,a,1,t
puducherry,2022,2,u,1,l
puducherry,2022,2,a,1,t
puducherry,2022,1,u,1,l
puducherry,2022,1,a,1,t
puducherry,2022,3,u,1,l
puducherry,2022,3,a,1,t
puducherry,2023,4,u,1,l
puducherry,2023,4,a,1,t
puducherry,2023,2,u,1,l
puducherry,2023,2,a,1,t
puducherry,2023,1,u,1,l
puducherry,2023,1,a,1,t
puducherry,2023,3,u,1,l
puducherry,2023,3,a,1,t
himachal-pradesh,2020,4,u,1,l
himachal-pradesh,2020,4,a,1,t
himachal-pradesh,2020,2,u,1,l
himachal-pradesh,2020,2,a,1,t
himachal-pradesh,2020,3,u,1,l
himachal-pradesh,2020,3,a,1,t
himachal-pradesh,2021,4,u,1,l
himachal-pradesh,2021,4,a,1,t
himachal-pradesh,2021,2,u,1,l
himachal-pradesh,2021,2,a,1,t
himachal-pradesh,2021,1,u,1,l
himachal-pradesh,2021,1,a,1,t
himachal-pradesh,2021,3,u,1,l
himachal-pradesh,2021,3,a,1,t
himachal-pradesh,2024,4,u,1,l
himachal-pradesh,2024,4,a,1,t
himachal-pradesh,2024,2,u,1,l
himachal-pradesh,2024,2,a,1,t
himachal-pradesh,2024,1,u,1,l
himachal-pradesh,2024,1,a,1,t
himachal-pradesh,2024,3,u,1,l
himachal-pradesh,2024,3,a,1,t
himachal-pradesh,2022,4,u,1,l
himachal-pradesh,2022,4,a,1,t
himachal-pradesh,2022,2,u,1,l
himachal-pradesh,2022,2,a,1,t
himachal-pradesh,2022,1,u,1,l
himachal-pradesh,2022,1,a,1,t
himachal-pradesh,2022,3,u,1,l
himachal-pradesh,2022,3,a,1,t
himachal-pradesh,2023,4,u,1,l
himachal-pradesh,2023,4,a,1,t
himachal-pradesh,2023,2,u,1,l
himachal-pradesh,2023,2,a,1,t
himachal-pradesh,2023,1,u,1,l
himachal-pradesh,2023,1,a,1,t
himachal-pradesh,2023,3,u,1,l
himachal-pradesh,2023,3,a,1,t
kerala,2020,4,u,1,l
kerala,2020,4,a,1,t
kerala,2020,2,u,1,l
kerala,2020,2,a,1,t
kerala,2020,3,u,1,l
kerala,2020,3,a,1,t
kerala,2021,4,u,1,l
kerala,2021,4,a,1,t
kerala,2021,2,u,1,l
kerala,2021,2,a,1,t
kerala,2021,1,u,1,l
kerala,2021,1,a,1,t
kerala,2021,3,u,1,l
kerala,2021,3,a,1,t
kerala,2024,4,u,1,l
kerala,2024,4,a,1,t
kerala,2024,2,u,1,l
kerala,2024,2,a,1,t
kerala,2024,1,u,1,l
kerala,2024,1,a,1,t
kerala,2024,3,u,1,l
kerala,2024,3,a,1,t
kerala,2022,4,u,1,l
kerala,2022,4,a,1,t
kerala,2022,2,u,1,l
kerala,2022,2,a,1,t
kerala,2022,1,u,1,l
kerala,2022,1,a,1,t
kerala,2022,3,u,1,l
kerala,2022,3,a,1,t
kerala,2023,4,u,1,l
kerala,2023,4,a,1,t
kerala,2023,2,u,1,l
kerala,2023,2,a,1,t
kerala,2023,1,u,1,l
kerala,2023,1,a,1,t
kerala,2023,3,u,1,l
kerala,2023,3,a,1,t
andhra-pradesh,2020,4,u,1,l
andhra-pradesh,2020,4,a,1,t
andhra-pradesh,2020,2,u,1,l
andhra-pradesh,2020,2,a,1,t
andhra-pradesh,2020,3,u,1,l
andhra-pradesh,2020,3,a,1,t
andhra-pradesh,2021,4,u,1,l
andhra-pradesh,2021,4,a,1,t
andhra-pradesh,2021,2,u,1,l
andhra-pradesh,2021,2,a,1,t
andhra-pradesh,2021,1,u,1,l
andhra-pradesh,2021,1,a,1,t
andhra-pradesh,2021,3,u,1,l
andhra-pradesh,2021,3,a,1,t
andhra-pradesh,2024,4,u,1,l
andhra-pradesh,2024,4,a,1,t
andhra-pradesh,2024,2,u,1,l
andhra-pradesh,2024,2,a,1,t
andhra-pradesh,2024,1,u,1,l
andhra-pradesh,2024,1,a,1,t
andhra-pradesh,2024,3,u,1,l
andhra-pradesh,2024,3,a,1,t
andhra-pradesh,2022,4,u,1,l
andhra-pradesh,2022,4,a,1,t
andhra-pradesh,2022,2,u,1,l
andhra-pradesh,2022,2,a,1,t
andhra-pradesh,2022,1,u,1,l
andhra-pradesh,2022,1,a,1,t
andhra-pradesh,2022,3,u,1,l
andhra-pradesh,2022,3,a,1,t
andhra-pradesh,2023,4,u,1,l
andhra-pradesh,2023,4,a,1,t
andhra-pradesh,2023,2,u,1,l
andhra-pradesh,2023,2,a,1,t
andhra-pradesh,2023,1,u,1,l
andhra-pradesh,2023,1,a,1,t
andhra-pradesh,2023,3,u,1,l
andhra-pradesh,2023,3,a,1,t
nagaland,2020,4,u,1,l
nagaland,2020,4,a,1,t
nagaland,2020,2,u,1,l
nagaland,2020,2,a,1,t
nagaland,2020,3,u,1,l
nagaland,2020,3,a,1,t
nagaland,2021,4,u,1,l
nagaland,2021,4,a,1,t
nagaland,2021,2,u,1,l
nagaland,2021,2,a,1,t
nagaland,2021,1,u,1,l
nagaland,2021,1,a,1,t
nagaland,2021,3,u,1,l
nagaland,2021,3,a,1,t
nagaland,2024,4,u,1,l
nagaland,2024,4,a,1,t
nagaland,2024,2,u,1,l
nagaland,2024,2,a,1,t
nagaland,2024,1,u,1,l
nagaland,2024,1,a,1,t
nagaland,2024,3,u,1,l
nagaland,2024,3,a,1,t
nagaland,2022,4,u,1,l
nagaland,2022,4,a,1,t
nagaland,2022,2,u,1,l
nagaland,2022,2,a,1,t
nagaland,2022,1,u,1,l
nagaland,2022,1,a,1,t
nagaland,2022,3,u,1,l
nagaland,2022,3,a,1,t
nagaland,2023,4,u,1,l
nagaland,2023,4,a,1,t
nagaland,2023,2,u,1,l
nagaland,2023,2,a,1,t
nagaland,2023,1,u,1,l
nagaland,2023,1,a,1,t
nagaland,2023,3,u,1,l
nagaland,2023,3,a,1,t
delhi,2020,4,u,1,l
delhi,2020,4,a,1,t
delhi,2020,2,u,1,l
delhi,2020,2,a,1,t
delhi,2020,3,u,1,l
delhi,2020,3,a,1,t
delhi,2021,4,u,1,l
delhi,2021,4,a,1,t
delhi,2021,2,u,1,l
delhi,2021,2,a,1,t
delhi,2021,1,u,1,l
delhi,2021,1,a,1,t
delhi,2021,3,u,1,l
delhi,2021,3,a,1,t
delhi,2024,4,u,1,l
delhi,2024,4,a,1,t
delhi,2024,2,u,1,l
delhi,2024,2,a,1,t
delhi,2024,1,u,1,l
delhi,2024,1,a,1,t
delhi,2024,3,u,1,l
delhi,2024,3,a,1,t
delhi,2022,4,u,1,l
delhi,2022,4,a,1,t
delhi,2022,2,u,1,l
delhi,2022,2,a,1,t
delhi,2022,1,u,1,l
delhi,2022,1,a,1,t
delhi,2022,3,u,1,l
delhi,2022,3,a,1,t
delhi,2023,4,u,1,l
delhi,2023,4,a,1,t
delhi,2023,2,u,1,l
delhi,2023,2,a,1,t
delhi,2023,1,u,1,l
delhi,2023,1,a,1,t
delhi,2023,3,u,1,l
delhi,2023,3,a,1,t
karnataka,2020,4,u,1,l
karnataka,2020,4,a,1,t
karnataka,2020,2,u,1,l
karnataka,2020,2,a,1,t
karnataka,2020,3,u,1,l
karnataka,2020,3,a,1,t
karnataka,2021,4,u,1,l
karnataka,2021,4,a,1,t
karnataka,2021,2,u,1,l
karnataka,2021,2,a,1,t
karnataka,2021,1,u,1,l
karnataka,2021,1,a,1,t
karnataka,2021,3,u,1,l
karnataka,2021,3,a,1,t
karnataka,2024,4,u,1,l
karnataka,2024,4,a,1,t
karnataka,2024,2,u,1,l
karnataka,2024,2,a,1,t
karnataka,2024,1,u,1,l
karnataka,2024,1,a,1,t
karnataka,2024,3,u,1,l
karnataka,2024,3,a,1,t
karnataka,2022,4,u,1,l
karnataka,2022,4,a,1,t
karnataka,2022,2,u,1,l
karnataka,2022,2,a,1,t
karnataka,2022,1,u,1,l
karnataka,2022,1,a,1,t
karnataka,2022,3,u,1,l
karnataka,2022,3,a,1,t
karnataka,2023,4,u,1,l
karnataka,2023,4,a,1,t
karnataka,2023,2,u,1,l
karnataka,2023,2,a,1,t
karnataka,2023,1,u,1,l
karnataka,2023,1,a,1,t
karnataka,2023,3,u,1,l
karnataka,2023,3,a,1,t
assam,2020,4,u,1,l
assam,2020,4,a,1,t
assam,2020,2,u,1,l
assam,2020,2,a,1,t
assam,2020,3,u,1,l
assam,2020,3,a,1,t
assam,2021,4,u,1,l
assam,2021,4,a,1,t
assam,2021,2,u,1,l
assam,2021,2,a,1,t
assam,2021,1,u,1,l
assam,2021,1,a,1,t
assam,2021,3,u,1,l
assam,2021,3,a,1,t
assam,2024,4,u,1,l
assam,2024,4,a,1,t
assam,2024,2,u,1,l
assam,2024,2,a,1,t
assam,2024,1,u,1,l
assam,2024,1,a,1,t
assam,2024,3,u,1,l
assam,2024,3,a,1,t
assam,2022,4,u,1,l
assam,2022,4,a,1,t
assam,2022,2,u,1,l
assam,2022,2,a,1,t
assam,2022,1,u,1,l
assam,2022,1,a,1,t
assam,2022,3,u,1,l
assam,2022,3,a,1,t
assam,2023,4,u,1,l
assam,2023,4,a,1,t
assam,2023,2,u,1,l
assam,2023,2,a,1,t
assam,2023,1,u,1,l
assam,2023,1,a,1,t
assam,2023,3,u,1,l
assam,2023,3,a,1,t
punjab,2020,4,u,1,l
punjab,2020,4,a,1,t
punjab,2020,2,u,1,l
punjab,2020,2,a,1,t
punjab,2020,3,u,1,l
punjab,2020,3,a,1,t
punjab,2021,4,u,1,l
punjab,2021,4,a,1,t
punjab,2021,2,u,1,l
punjab,2021,2,a,1,t
punjab,2021,1,u,1,l
punjab,2021,1,a,1,t
punjab,2021,3,u,1,l
punjab,2021,3,a,1,t
punjab,2024,4,u,1,l
punjab,2024,4,a,1,t
punjab,2024,2,u,1,l
punjab,2024,2,a,1,t
punjab,2024,1,u,1,l
punjab,2024,1,a,1,t
punjab,2024,3,u,1,l
punjab,2024,3,a,1,t
punjab,2022,4,u,1,l
punjab,2022,4,a,1,t
punjab,2022,2,u,1,l
punjab,2022,2,a,1,t
punjab,2022,1,u,1,l
punjab,2022,1,a,1,t
punjab,2022,3,u,1,l
punjab,2022,3,a,1,t
punjab,2023,4,u,1,l
punjab,2023,4,a,1,t
punjab,2023,2,u,1,l
punjab,2023,2,a,1,t
punjab,2023,1,u,1,l
punjab,2023,1,a,1,t
punjab,2023,3,u,1,l
punjab,2023,3,a,1,t
goa,2020,4,u,1,l
goa,2020,4,a,1,t
goa,2020,2,u,1,l
goa,2020,2,a,1,t
goa,2020,3,u,1,l
goa,2020,3,a,1,t
goa,2021,4,u,1,l
goa,2021,4,a,1,t
goa,2021,2,u,1,l
goa,2021,2,a,1,t
goa,2021,1,u,1,l
goa,2021,1,a,1,t
goa,2021,3,u,1,l
goa,2021,3,a,1,t
goa,2024,4,u,1,l
goa,2024,4,a,1,t
goa,2024,2,u,1,l
goa,2024,2,a,1,t
goa,2024,1,u,1,l
goa,2024,1,a,1,t
goa,2024,3,u,1,l
goa,2024,3,a,1,t
goa,2022,4,u,1,l
goa,2022,4,a,1,t
goa,2022,2,u,1,l
goa,2022,2,a,1,t
goa,2022,1,u,1,l
goa,2022,1,a,1,t
goa,2022,3,u,1,l
goa,2022,3,a,1,t
goa,2023,4,u,1,l
goa,2023,4,a,1,t
goa,2023,2,u,1,l
goa,2023,2,a,1,t
goa,2023,1,u,1,l
goa,2023,1,a,1,t
goa,2023,3,u,1,l
goa,2023,3,a,1,t
meghalaya,2020,4,u,1,l
meghalaya,2020,4,a,1,t
meghalaya,2020,2,u,1,l
meghalaya,2020,2,a,1,t
meghalaya,2020,3,u,1,l
meghalaya,2020,3,a,1,t
meghalaya,2021,4,u,1,l
meghalaya,2021,4,a,1,t
meghalaya,2021,2,u,1,l
meghalaya,2021,2,a,1,t
meghalaya,2021,1,u,1,l
meghalaya,2021,1,a,1,t
meghalaya,2021,3,u,1,l
meghalaya,2021,3,a,1,t
meghalaya,2024,4,u,1,l
meghalaya,2024,4,a,1,t
meghalaya,2024,2,u,1,l
meghalaya,2024,2,a,1,t
meghalaya,2024,1,u,1,l
meghalaya,2024,1,a,1,t
meghalaya,2024,3,u,1,l
meghalaya,2024,3,a,1,t
meghalaya,2022,4,u,1,l
meghalaya,2022,4,a,1,t
meghalaya,2022,2,u,1,l
meghalaya,2022,2,a,1,t
meghalaya,2022,1,u,1,l
meghalaya,2022,1,a,1,t
meghalaya,2022,3,u,1,l
meghalaya,2022,3,a,1,t
meghalaya,2023,4,u,1,l
meghalaya,2023,4,a,1,t
meghalaya,2023,2,u,1,l
meghalaya,2023,2,a,1,t
meghalaya,2023,1,u,1,l
meghalaya,2023,1,a,1,t
meghalaya,2023,3,u,1,l
meghalaya,2023,3,a,1,t
tripura,2020,4,u,1,l
tripura,2020,4,a,1,t
tripura,2020,2,u,1,l
tripura,2020,2,a,1,t
tripura,2020,3,u,1,l
tripura,2020,3,a,1,t
tripura,2021,4,u,1,l
tripura,2021,4,a,1,t
tripura,2021,2,u,1,l
tripura,2021,2,a,1,t
tripura,2021,1,u,1,l
tripura,2021,1,a,1,t
tripura,2021,3,u,1,l
tripura,2021,3,a,1,t
tripura,2024,4,u,1,l
tripura,2024,4,a,1,t
tripura,2024,2,u,1,l
tripura,2024,2,a,1,t
tripura,2024,1,u,1,l
tripura,2024,1,a,1,t
tripura,2024,3,u,1,l
tripura,2024,3,a,1,t
tripura,2022,4,u,1,l
tripura,2022,4,a,1,t
tripura,2022,2,u,1,l
tripura,2022,2,a,1,t
tripura,2022,1,u,1,l
tripura,2022,1,a,1,t
tripura,2022,3,u,1,l
tripura,2022,3,a,1,t
tripura,2023,4,u,1,l
tripura,2023,4,a,1,t
tripura,2023,2,u,1,l
tripura,2023,2,a,1,t
tripura,2023,1,u,1,l
tripura,2023,1,a,1,t
tripura,2023,3,u,1,l
tripura,2023,3,a,1,t
ladakh,2020,4,u,1,l
ladakh,2020,4,a,1,t
ladakh,2020,2,u,1,l
ladakh,2020,2,a,1,t
ladakh,2020,3,u,1,l
ladakh,2020,3,a,1,t
ladakh,2021,4,u,1,l
ladakh,2021,4,a,1,t
ladakh,2021,2,u,1,l
ladakh,2021,2,a,1,t
ladakh,2021,1,u,1,l
ladakh,2021,1,a,1,t
ladakh,2021,3,u,1,l
ladakh,2021,3,a,1,t
ladakh,2024,4,u,1,l
ladakh,2024,4,a,1,t
ladakh,2024,2,u,1,l
ladakh,2024,2,a,1,t
ladakh,2024,1,u,1,l
ladakh,2024,1,a,1,t
ladakh,2024,3,u,1,l
ladakh,2024,3,a,1,t
ladakh,2022,4,u,1,l
ladakh,2022,4,a,1,t
ladakh,2022,2,u,1,l
ladakh,2022,2,a,1,t
ladakh,2022,1,u,1,l
ladakh,2022,1,a,1,t
ladakh,2022,3,u,1,l
ladakh,2022,3,a,1,t
ladakh,2023,4,u,1,l
ladakh,2023,4,a,1,t
ladakh,2023,2,u,1,l
ladakh,2023,2,a,1,t
ladakh,2023,1,u,1,l
ladakh,2023,1,a,1,t
ladakh,2023,3,u,1,l
ladakh,2023,3,a,1,t
arunachal-pradesh,2020,4,u,1,l
arunachal-pradesh,2020,4,a,1,t
arunachal-pradesh,2020,2,u,1,l
arunachal-pradesh,2020,2,a,1,t
arunachal-pradesh,2020,3,u,1,l
arunachal-pradesh,2020,3,a,1,t
arunachal-pradesh,2021,4,u,1,l
arunachal-pradesh,2021,4,a,1,t
arunachal-pradesh,2021,2,u,1,l
arunachal-pradesh,2021,2,a,1,t
arunachal-pradesh,2021,1,u,1,l
arunachal-pradesh,2021,1,a,1,t
arunachal-pradesh,2021,3,u,1,l
arunachal-pradesh,2021,3,a,1,t
arunachal-pradesh,2024,4,u,1,l
arunachal-pradesh,2024,4,a,1,t
arunachal-pradesh,2024,2,u,1,l
arunachal-pradesh,2024,2,a,1,t
arunachal-pradesh,2024,1,u,1,l
arunachal-pradesh,2024,1,a,1,t
arunachal-pradesh,2024,3,u,1,l
arunachal-pradesh,2024,3,a,1,t
arunachal-pradesh,2022,4,u,1,l
arunachal-pradesh,2022,4,a,1,t
arunachal-pradesh,2022,2,u,1,l
arunachal-pradesh,2022,2,a,1,t
arunachal-pradesh,2022,1,u,1,l
arunachal-pradesh,2022,1,a,1,t
arunachal-pradesh,2022,3,u,1,l
arunachal-pradesh,2022,3,a,1,t
arunachal-pradesh,2023,4,u,1,l
arunachal-pradesh,2023,4,a,1,t
arunachal-pradesh,2023,2,u,1,l
arunachal-pradesh,2023,2,a,1,t
arunachal-pradesh,2023,1,u,1,l
arunachal-pradesh,2023,1,a,1,t
arunachal-pradesh,2023,3,u,1,l
arunachal-pradesh,2023,3,a,1,t
dadra-&-nagar-haveli-&-daman-&-diu,2020,4,u,1,l
dadra-&-nagar-haveli-&-daman-&-diu,2020,4,a,1,t
dadra-&-nagar-haveli-&-daman-&-diu,2020,2,u,1,l
dadra-&-nagar-haveli-&-daman-&-diu,2020,2,a,1,t
dadra-&-nagar-haveli-&-daman-&-diu,2020,3,u,1,l
dadra-&-nagar-haveli-&-daman-&-diu,2020,3,a,1,t
dadra-&-nagar-haveli-&-daman-&-diu,2021,4,u,1,l
dadra-&-nagar-haveli-&-daman-&-diu,2021,4,a,1,t
dadra-&-nagar-haveli-&-daman-&-diu,2021,2,u,1,l
dadra-&-nagar-haveli-&-daman-&-diu,2021,2,a,1,t
dadra-&-nagar-haveli-&-daman-&-diu,2021,1,u,1,l
dadra-&-nagar-haveli-&-daman-&-diu,2021,1,a,1,t
dadra-&-nagar-haveli-&-daman-&-diu,2021,3,u,1,l
dadra-&-nagar-haveli-&-daman-&-diu,2021,3,a,1,t
dadra-&-nagar-haveli-&-daman-&-diu,2024,4,u,1,l
dadra-&-nagar-haveli-&-daman-&-diu,2024,4,a,1,t
dadra-&-nagar-haveli-&-daman-&-diu,2024,2,u,1,l
dadra-&-nagar-haveli-&-daman-&-diu,2024,2,a,1,t
dadra-&-nagar-haveli-&-daman-&-diu,2024,1,u,1,l
dadra-&-nagar-haveli-&-daman-&-diu,2024,1,a,1,t
dadra-&-nagar-haveli-&-daman-&-diu,2024,3,u,1,l
dadra-&-nagar-haveli-&-daman-&-diu,2024,3,a,1,t
dadra-&-nagar-haveli-&-daman-&-diu,2022,4,u,1,l
dadra-&-nagar-haveli-&-daman-&-diu,2022,4,a,1,t
dadra-&-nagar-haveli-&-daman-&-diu,2022,2,u,1,l
dadra-&-nagar-haveli-&-daman-&-diu,2022,2,a,1,t
dadra-&-nagar-haveli-&-daman-&-diu,2022,1,u,1,l
dadra-&-nagar-haveli-&-daman-&-diu,2022,1,a,1,t
dadra-&-nagar-haveli-&-daman-&-diu,2022,3,u,1,l
dadra-&-nagar-haveli-&-daman-&-diu,2022,3,a,1,t
dadra-&-nagar-haveli-&-daman-&-diu,2023,4,u,1,l
dadra-&-nagar-haveli-&-daman-&-diu,2023,4,a,1,t
dadra-&-nagar-haveli-&-daman-&-diu,2023,2,u,1,l
dadra-&-nagar-haveli-&-daman-&-diu,2023,2,a,1,t
dadra-&-nagar-haveli-&-daman-&-diu,2023,1,u,1,l
dadra-&-nagar-haveli-&-daman-&-diu,2023,1,a,1,t
dadra-&-nagar-haveli-&-daman-&-diu,2023,3,u,1,l
dadra-&-nagar-haveli-&-daman-&-diu,2023,3,a,1,t
haryana,2020,4,u,1,l
haryana,2020,4,a,1,t
haryana,2020,2,u,1,l
haryana,2020,2,a,1,t
haryana,2020,3,u,1,l
haryana,2020,3,a,1,t
haryana,2021,4,u,1,l
haryana,2021,4,a,1,t
haryana,2021,2,u,1,l
haryana,2021,2,a,1,t
haryana,2021,1,u,1,l
haryana,2021,1,a,1,t
haryana,2021,3,u,1,l
haryana,2021,3,a,1,t
haryana,2024,4,u,1,l
haryana,2024,4,a,1,t
haryana,2024,2,u,1,l
haryana,2024,2,a,1,t
haryana,2024,1,u,1,l
haryana,2024,1,a,1,t
haryana,2024,3,u,1,l
haryana,2024,3,a,1,t
haryana,2022,4,u,1,l
haryana,2022,4,a,1,t
haryana,2022,2,u,1,l
haryana,2022,2,a,1,t
haryana,2022,1,u,1,l
haryana,2022,1,a,1,t
haryana,2022,3,u,1,l
haryana,2022,3,a,1,t
haryana,2023,4,u,1,l
haryana,2023,4,a,1,t
haryana,2023,2,u,1,l
haryana,2023,2,a,1,t
haryana,2023,1,u,1,l
haryana,2023,1,a,1,t
haryana,2023,3,u,1,l
haryana,2023,3,a,1,t
telangana,2020,4,u,1,l
telangana,2020,4,a,1,t
telangana,2020,2,u,1,l
telangana,2020,2,a,1,t
telangana,2020,3,u,1,l
telangana,2020,3,a,1,t
telangana,2021,4,u,1,l
telangana,2021,4,a,1,t
telangana,2021,2,u,1,l
telangana,2021,2,a,1,t
telangana,2021,1,u,1,l
telangana,2021,1,a,1,t
telangana,2021,3,u,1,l
telangana,2021,3,a,1,t
telangana,2024,4,u,1,l
telangana,2024,4,a,1,t
telangana,2024,2,u,1,l
telangana,2024,2,a,1,t
telangana,2024,1,u,1,l
telangana,2024,1,a,1,t
telangana,2024,3,u,1,l
telangana,2024,3,a,1,t
telangana,2022,4,u,1,l
telangana,2022,4,a,1,t
telangana,2022,2,u,1,l
telangana,2022,2,a,1,t
telangana,2022,1,u,1,l
telangana,2022,1,a,1,t
telangana,2022,3,u,1,l
telangana,2022,3,a,1,t
telangana,2023,4,u,1,l
telangana,2023,4,a,1,t
telangana,2023,2,u,1,l
telangana,2023,2,a,1,t
telangana,2023,1,u,1,l
telangana,2023,1,a,1,t
telangana,2023,3,u,1,l
telangana,2023,3,a,1,t
west-bengal,2020,4,u,1,l
west-bengal,2020,4,a,1,t
west-bengal,2020,2,u,1,l
west-bengal,2020,2,a,1,t
west-bengal,2020,3,u,1,l
west-bengal,2020,3,a,1,t
west-bengal,2021,4,u,1,l
west-bengal,2021,4,a,1,t
west-bengal,2021,2,u,1,l
west-bengal,2021,2,a,1,t
west-bengal,2021,1,u,1,l
west-bengal,2021,1,a,1,t
west-bengal,2021,3,u,1,l
west-bengal,2021,3,a,1,t
west-bengal,2024,4,u,1,l
west-bengal,2024,4,a,1,t
west-bengal,2024,2,u,1,l
west-bengal,2024,2,a,1,t
west-bengal,2024,1,u,1,l
west-bengal,2024,1,a,1,t
west-bengal,2024,3,u,1,l
west-bengal,2024,3,a,1,t
west-bengal,2022,4,u,1,l
west-bengal,2022,4,a,1,t
west-bengal,2022,2,u,1,l
west-bengal,2022,2,a,1,t
west-bengal,2022,1,u,1,l
west-bengal,2022,1,a,1,t
west-bengal,2022,3,u,1,l
west-bengal,2022,3,a,1,t
west-bengal,2023,4,u,1,l
west-bengal,2023,4,a,1,t
west-bengal,2023,2,u,1,l
west-bengal,2023,2,a,1,t
west-bengal,2023,1,u,1,l
west-bengal,2023,1,a,1,t
west-bengal,2023,3,u,1,l
west-bengal,2023,3,a,1,t
rajasthan,2020,4,u,1,l
rajasthan,2020,4,a,1,t
rajasthan,2020,2,u,1,l
rajasthan,2020,2,a,1,t
rajasthan,2020,3,u,1,l
rajasthan,2020,3,a,1,t
rajasthan,2021,4,u,1,l
rajasthan,2021,4,a,1,t
rajasthan,2021,2,u,1,l
rajasthan,2021,2,a,1,t
rajasthan,2021,1,u,1,l
rajasthan,2021,1,a,1,t
rajasthan,2021,3,u,1,l
rajasthan,2021,3,a,1,t
rajasthan,2024,4,u,1,l
rajasthan,2024,4,a,1,t
rajasthan,2024,2,u,1,l
rajasthan,2024,2,a,1,t
rajasthan,2024,1,u,1,l
rajasthan,2024,1,a,1,t
rajasthan,2024,3,u,1,l
rajasthan,2024,3,a,1,t
rajasthan,2022,4,u,1,l
rajasthan,2022,4,a,1,t
rajasthan,2022,2,u,1,l
rajasthan,2022,2,a,1,t
rajasthan,2022,1,u,1,l
rajasthan,2022,1,a,1,t
rajasthan,2022,3,u,1,l
rajasthan,2022,3,a,1,t
rajasthan,2023,4,u,1,l
rajasthan,2023,4,a,1,t
rajasthan,2023,2,u,1,l
rajasthan,2023,2,a,1,t
rajasthan,2023,1,u,1,l
rajasthan,2023,1,a,1,t
rajasthan,2023,3,u,1,l
rajasthan,2023,3,a,1,t
mizoram,2020,4,u,1,l
mizoram,2020,4,a,1,t
mizoram,2020,2,u,1,l
mizoram,2020,2,a,1,t
mizoram,2020,3,u,1,l
mizoram,2020,3,a,1,t
mizoram,2021,4,u,1,l
mizoram,2021,4,a,1,t
mizoram,2021,2,u,1,l
mizoram,2021,2,a,1,t
mizoram,2021,1,u,1,l
mizoram,2021,1,a,1,t
mizoram,2021,3,u,1,l
mizoram,2021,3,a,1,t
mizoram,2024,4,u,1,l
mizoram,2024,4,a,1,t
mizoram,2024,2,u,1,l
mizoram,2024,2,a,1,t
mizoram,2024,1,u,1,l
mizoram,2024,1,a,1,t
mizoram,2024,3,u,1,l
mizoram,2024,3,a,1,t
mizoram,2022,4,u,1,l
mizoram,2022,4,a,1,t
mizoram,2022,2,u,1,l
mizoram,2022,2,a,1,t
mizoram,2022,1,u,1,l
mizoram,2022,1,a,1,t
mizoram,2022,3,u,1,l
mizoram,2022,3,a,1,t
mizoram,2023,4,u,1,l
mizoram,2023,4,a,1,t
mizoram,2023,2,u,1,l
mizoram,2023,2,a,1,t
mizoram,2023,1,u,1,l
mizoram,2023,1,a,1,t
mizoram,2023,3,u,1,l
mizoram,2023,3,a,1,t
chandigarh,2020,4,u,1,l
chandigarh,2020,4,a,1,t
chandigarh,2020,2,u,1,l
chandigarh,2020,2,a,1,t
chandigarh,2020,3,u,1,l
chandigarh,2020,3,a,1,t
chandigarh,2021,4,u,1,l
chandigarh,2021,4,a,1,t
chandigarh,2021,2,u,1,l
chandigarh,2021,2,a,1,t
chandigarh,2021,1,u,1,l
chandigarh,2021,1,a,1,t
chandigarh,2021,3,u,1,l
chandigarh,2021,3,a,1,t
chandigarh,2024,4,u,1,l
chandigarh,2024,4,a,1,t
chandigarh,2024,2,u,1,l
chandigarh,2024,2,a,1,t
chandigarh,2024,1,u,1,l
chandigarh,2024,1,a,1,t
chandigarh,2024,3,u,1,l
chandigarh,2024,3,a,1,t
chandigarh,2022,4,u,1,l
chandigarh,2022,4,a,1,t
chandigarh,2022,2,u,1,l
chandigarh,2022,2,a,1,t
chandigarh,2022,1,u,1,l
chandigarh,2022,1,a,1,t
chandigarh,2022,3,u,1,l
chandigarh,2022,3,a,1,t
chandigarh,2023,4,u,1,l
chandigarh,2023,4,a,1,t
chandigarh,2023,2,u,1,l
chandigarh,2023,2,a,1,t
chandigarh,2023,1,u,1,l
chandigarh,2023,1,a,1,t
chandigarh,2023,3,u,1,l
chandigarh,2023,3,a,1,t
bihar,2020,4,u,1,l
bihar,2020,4,a,1,t
bihar,2020,2,u,1,l
bihar,2020,2,a,1,t
bihar,2020,3,u,1,l
bihar,2020,3,a,1,t
bihar,2021,4,u,1,l
bihar,2021,4,a,1,t
bihar,2021,2,u,1,l
bihar,2021,2,a,1,t
bihar,2021,1,u,1,l
bihar,2021,1,a,1,t
bihar,2021,3,u,1,l
bihar,2021,3,a,1,t
bihar,2024,4,u,1,l
bihar,2024,4,a,1,t
bihar,2024,2,u,1,l
bihar,2024,2,a,1,t
bihar,2024,1,u,1,l
bihar,2024,1,a,1,t
bihar,2024,3,u,1,l
bihar,2024,3,a,1,t
bihar,2022,4,u,1,l
bihar,2022,4,a,1,t
bihar,2022,2,u,1,l
bihar,2022,2,a,1,t
bihar,2022,1,u,1,l
bihar,2022,1,a,1,t
bihar,2022,3,u,1,l
bihar,2022,3,a,1,t
bihar,2023,4,u,1,l
bihar,2023,4,a,1,t
bihar,2023,2,u,1,l
bihar,2023,2,a,1,t
bihar,2023,1,u,1,l
bihar,2023,1,a,1,t
bihar,2023,3,u,1,l
bihar,2023,3,a,1,t
manipur,2020,4,u,1,l
manipur,2020,4,a,1,t
manipur,2020,2,u,1,l
manipur,2020,2,a,1,t
manipur,2020,3,u,1,l
manipur,2020,3,a,1,t
manipur,2021,4,u,1,l
manipur,2021,4,a,1,t
manipur,2021,2,u,1,l
manipur,2021,2,a,1,t
manipur,2021,1,u,1,l
manipur,2021,1,a,1,t
manipur,2021,3,u,1,l
manipur,2021,3,a,1,t
manipur,2024,4,u,1,l
manipur,2024,4,a,1,t
manipur,2024,2,u,1,l
manipur,2024,2,a,1,t
manipur,2024,1,u,1,l
manipur,2024,1,a,1,t
manipur,2024,3,u,1,l
manipur,2024,3,a,1,t
manipur,2022,4,u,1,l
manipur,2022,4,a,1,t
manipur,2022,2,u,1,l
manipur,2022,2,a,1,t
manipur,2022,1,u,1,l
manipur,2022,1,a,1,t
manipur,2022,3,u,1,l
manipur,2022,3,a,1,t
manipur,2023,4,u,1,l
manipur,2023,4,a,1,t
manipur,2023,2,u,1,l
manipur,2023,2,a,1,t
manipur,2023,1,u,1,l
manipur,2023,1,a,1,t
manipur,2023,3,u,1,l
manipur,2023,3,a,1,t
gujarat,2020,4,u,1,l
gujarat,2020,4,a,1,t
gujarat,2020,2,u,1,l
gujarat,2020,2,a,1,t
gujarat,2020,3,u,1,l
gujarat,2020,3,a,1,t
gujarat,2021,4,u,1,l
gujarat,2021,4,a,1,t
gujarat,2021,2,u,1,l
gujarat,2021,2,a,1,t
gujarat,2021,1,u,1,l
gujarat,2021,1,a,1,t
gujarat,2021,3,u,1,l
gujarat,2021,3,a,1,t
gujarat,2024,4,u,1,l
gujarat,2024,4,a,1,t
gujarat,2024,2,u,1,l
gujarat,2024,2,a,1,t
gujarat,2024,1,u,1,l
gujarat,2024,1,a,1,t
gujarat,2024,3,u,1,l
gujarat,2024,3,a,1,t
gujarat,2022,4,u,1,l
gujarat,2022,4,a,1,t
gujarat,2022,2,u,1,l
gujarat,2022,2,a,1,t
gujarat,2022,1,u,1,l
gujarat,2022,1,a,1,t
gujarat,2022,3,u,1,l
gujarat,2022,3,a,1,t
gujarat,2023,4,u,1,l
gujarat,2023,4,a,1,t
gujarat,2023,2,u,1,l
gujarat,2023,2,a,1,t
gujarat,2023,1,u,1,l
gujarat,2023,1,a,1,t
gujarat,2023,3,u,1,l
gujarat,2023,3,a,1,t
lakshadweep,2020,4,u,1,l
lakshadweep,2020,4,a,1,t
lakshadweep,2020,2,u,1,l
lakshadweep,2020,2,a,1,t
lakshadweep,2020,3,u,1,l
lakshadweep,2020,3,a,1,t
lakshadweep,2021,4,u,1,l
lakshadweep,2021,4,a,1,t
lakshadweep,2021,2,u,1,l
lakshadweep,2021,2,a,1,t
lakshadweep,2021,1,u,1,l
lakshadweep,2021,1,a,1,t
lakshadweep,2021,3,u,1,l
lakshadweep,2021,3,a,1,t
lakshadweep,2024,4,u,1,l
lakshadweep,2024,4,a,1,t
lakshadweep,2024,2,u,1,l
lakshadweep,2024,2,a,1,t
lakshadweep,2024,1,u,1,l
lakshadweep,2024,1,a,1,t
lakshadweep,2024,3,u,1,l
lakshadweep,2024,3,a,1,t
lakshadweep,2022,4,u,1,l
lakshadweep,2022,4,a,1,t
lakshadweep,2022,2,u,1,l
lakshadweep,2022,2,a,1,t
lakshadweep,2022,1,u,1,l
lakshadweep,2022,1,a,1,t
lakshadweep,2022,3,u,1,l
lakshadweep,2022,3,a,1,t
lakshadweep,2023,4,u,1,l
lakshadweep,2023,4,a,1,t
lakshadweep,2023,2,u,1,l
lakshadweep,2023,2,a,1,t
lakshadweep,2023,1,u,1,l
lakshadweep,2023,1,a,1,t
lakshadweep,2023,3,u,1,l
lakshadweep,2023,3,a,1,t
jharkhand,2020,4,u,1,l
jharkhand,2020,4,a,1,t
jharkhand,2020,2,u,1,l
jharkhand,2020,2,a,1,t
jharkhand,2020,3,u,1,l
jharkhand,2020,3,a,1,t
jharkhand,2021,4,u,1,l
jharkhand,2021,4,a,1,t
jharkhand,2021,2,u,1,l
jharkhand,2021,2,a,1,t
jharkhand,2021,1,u,1,l
jharkhand,2021,1,a,1,t
jharkhand,2021,3,u,1,l
jharkhand,2021,3,a,1,t
jharkhand,2024,4,u,1,l
jharkhand,2024,4,a,1,t
jharkhand,2024,2,u,1,l
jharkhand,2024,2,a,1,t
jharkhand,2024,1,u,1,l
jharkhand,2024,1,a,1,t
jharkhand,2024,3,u,1,l
jharkhand,2024,3,a,1,t
jharkhand,2022,4,u,1,l
jharkhand,2022,4,a,1,t
jharkhand,2022,2,u,1,l
jharkhand,2022,2,a,1,t
jharkhand,2022,1,u,1,l
jharkhand,2022,1,a,1,t
jharkhand,2022,3,u,1,l
jharkhand,2022,3,a,1,t
jharkhand,2023,4,u,1,l
jharkhand,2023,4,a,1,t
jharkhand,2023,2,u,1,l
jharkhand,2023,2,a,1,t
jharkhand,2023,1,u,1,l
jharkhand,2023,1,a,1,t
jharkhand,2023,3,u,1,l
jharkhand,2023,3,a,1,t
jammu-&-kashmir,2020,4,u,1,l
jammu-&-kashmir,2020,4,a,1,t
jammu-&-kashmir,2020,2,u,1,l
jammu-&-kashmir,2020,2,a,1,t
jammu-&-kashmir,2020,3,u,1,l
jammu-&-kashmir,2020,3,a,1,t
jammu-&-kashmir,2021,4,u,1,l
jammu-&-kashmir,2021,4,a,1,t
jammu-&-kashmir,2021,2,u,1,l
jammu-&-kashmir,2021,2,a,1,t
jammu-&-kashmir,2021,1,u,1,l
jammu-&-kashmir,2021,1,a,1,t
jammu-&-kashmir,2021,3,u,1,l
jammu-&-kashmir,2021,3,a,1,t
jammu-&-kashmir,2024,4,u,1,l
jammu-&-kashmir,2024,4,a,1,t
jammu-&-kashmir,2024,2,u,1,l
jammu-&-kashmir,2024,2,a,1,t
jammu-&-kashmir,2024,1,u,1,l
jammu-&-kashmir,2024,1,a,1,t
jammu-&-kashmir,2024,3,u,1,l
jammu-&-kashmir,2024,3,a,1,t
jammu-&-kashmir,2022,4,u,1,l
jammu-&-kashmir,2022,4,a,1,t
jammu-&-kashmir,2022,2,u,1,l
jammu-&-kashmir,2022,2,a,1,t
jammu-&-kashmir,2022,1,u,1,l
jammu-&-kashmir,2022,1,a,1,t
jammu-&-kashmir,2022,3,u,1,l
jammu-&-kashmir,2022,3,a,1,t
jammu-&-kashmir,2023,4,u,1,l
jammu-&-kashmir,2023,4,a,1,t
jammu-&-kashmir,2023,2,u,1,l
jammu-&-kashmir,2023,2,a,1,t
jammu-&-kashmir,2023,1,u,1,l
jammu-&-kashmir,2023,1,a,1,t
jammu-&-kashmir,2023,3,u,1,l
jammu-&-kashmir,2023,3,a,1,t
